DROP TABLE IF EXISTS "auth_group";
CREATE TABLE "auth_group" ("id" integer NOT NULL PRIMARY KEY AUTOINCREMENT, "name" varchar(80) NOT NULL UNIQUE);
DROP TABLE IF EXISTS "auth_group_permissions";
CREATE TABLE "auth_group_permissions" ("id" integer NOT NULL PRIMARY KEY AUTOINCREMENT, "group_id" integer NOT NULL REFERENCES "auth_group" ("id"), "permission_id" integer NOT NULL REFERENCES "auth_permission" ("id"));
DROP TABLE IF EXISTS "auth_permission";
CREATE TABLE "auth_permission" ("id" integer NOT NULL PRIMARY KEY AUTOINCREMENT, "content_type_id" integer NOT NULL REFERENCES "django_content_type" ("id"), "codename" varchar(100) NOT NULL, "name" varchar(255) NOT NULL);
INSERT INTO "auth_permission" VALUES(1,1,'add_logentry','Can add log entry');
INSERT INTO "auth_permission" VALUES(2,1,'change_logentry','Can change log entry');
INSERT INTO "auth_permission" VALUES(3,1,'delete_logentry','Can delete log entry');
INSERT INTO "auth_permission" VALUES(4,2,'add_permission','Can add permission');
INSERT INTO "auth_permission" VALUES(5,2,'change_permission','Can change permission');
INSERT INTO "auth_permission" VALUES(6,2,'delete_permission','Can delete permission');
INSERT INTO "auth_permission" VALUES(7,3,'add_group','Can add group');
INSERT INTO "auth_permission" VALUES(8,3,'change_group','Can change group');
INSERT INTO "auth_permission" VALUES(9,3,'delete_group','Can delete group');
INSERT INTO "auth_permission" VALUES(10,4,'add_user','Can add user');
INSERT INTO "auth_permission" VALUES(11,4,'change_user','Can change user');
INSERT INTO "auth_permission" VALUES(12,4,'delete_user','Can delete user');
INSERT INTO "auth_permission" VALUES(13,5,'add_contenttype','Can add content type');
INSERT INTO "auth_permission" VALUES(14,5,'change_contenttype','Can change content type');
INSERT INTO "auth_permission" VALUES(15,5,'delete_contenttype','Can delete content type');
INSERT INTO "auth_permission" VALUES(16,6,'add_session','Can add session');
INSERT INTO "auth_permission" VALUES(17,6,'change_session','Can change session');
INSERT INTO "auth_permission" VALUES(18,6,'delete_session','Can delete session');
INSERT INTO "auth_permission" VALUES(19,7,'add_index','Can add index');
INSERT INTO "auth_permission" VALUES(20,7,'change_index','Can change index');
INSERT INTO "auth_permission" VALUES(21,7,'delete_index','Can delete index');
INSERT INTO "auth_permission" VALUES(31,11,'add_node','Can add node');
INSERT INTO "auth_permission" VALUES(32,11,'change_node','Can change node');
INSERT INTO "auth_permission" VALUES(33,11,'delete_node','Can delete node');
INSERT INTO "auth_permission" VALUES(34,12,'add_media_org','Can add media_ org');
INSERT INTO "auth_permission" VALUES(35,12,'change_media_org','Can change media_ org');
INSERT INTO "auth_permission" VALUES(36,12,'delete_media_org','Can delete media_ org');
DROP TABLE IF EXISTS "auth_user";
CREATE TABLE "auth_user" ("id" integer NOT NULL PRIMARY KEY AUTOINCREMENT, "password" varchar(128) NOT NULL, "last_login" datetime NULL, "is_superuser" bool NOT NULL, "first_name" varchar(30) NOT NULL, "last_name" varchar(30) NOT NULL, "email" varchar(254) NOT NULL, "is_staff" bool NOT NULL, "is_active" bool NOT NULL, "date_joined" datetime NOT NULL, "username" varchar(30) NOT NULL UNIQUE);
INSERT INTO "auth_user" VALUES(1,'pbkdf2_sha256$24000$4ahgg9u33t7W$seHUmZ8H5oIn2I07cJthKPR024Rmu9NzVv3DHFvGYTk=','2017-01-09 19:00:47.284350',1,'','','philippe.a.b.morel@gmail.com',1,1,'2017-01-09 19:00:21.904708','phildawgthebigdawg');
DROP TABLE IF EXISTS "auth_user_groups";
CREATE TABLE "auth_user_groups" ("id" integer NOT NULL PRIMARY KEY AUTOINCREMENT, "user_id" integer NOT NULL REFERENCES "auth_user" ("id"), "group_id" integer NOT NULL REFERENCES "auth_group" ("id"));
DROP TABLE IF EXISTS "auth_user_user_permissions";
CREATE TABLE "auth_user_user_permissions" ("id" integer NOT NULL PRIMARY KEY AUTOINCREMENT, "user_id" integer NOT NULL REFERENCES "auth_user" ("id"), "permission_id" integer NOT NULL REFERENCES "auth_permission" ("id"));
DROP TABLE IF EXISTS "django_admin_log";
CREATE TABLE "django_admin_log" ("id" integer NOT NULL PRIMARY KEY AUTOINCREMENT, "object_id" text NULL, "object_repr" varchar(200) NOT NULL, "action_flag" smallint unsigned NOT NULL, "change_message" text NOT NULL, "content_type_id" integer NULL REFERENCES "django_content_type" ("id"), "user_id" integer NOT NULL REFERENCES "auth_user" ("id"), "action_time" datetime NOT NULL);
INSERT INTO "django_admin_log" VALUES(1,'1','STEELERS WIN THE SUPER BOWL',1,'Added.',7,1,'2017-01-09 19:11:23.874755');
INSERT INTO "django_admin_log" VALUES(2,'1','Conservative',1,'Added.',NULL,1,'2017-01-09 19:11:54.508470');
INSERT INTO "django_admin_log" VALUES(3,'2','Liberal',1,'Added.',NULL,1,'2017-01-09 19:11:58.956196');
INSERT INTO "django_admin_log" VALUES(4,'3','Corporate',1,'Added.',NULL,1,'2017-01-09 19:12:11.457402');
INSERT INTO "django_admin_log" VALUES(5,'4','Religious',1,'Added.',NULL,1,'2017-01-09 19:12:22.541228');
INSERT INTO "django_admin_log" VALUES(6,'5','Russian',1,'Added.',NULL,1,'2017-01-09 19:12:26.241310');
INSERT INTO "django_admin_log" VALUES(7,'6','Nationalistic',1,'Added.',NULL,1,'2017-01-09 19:12:34.557089');
INSERT INTO "django_admin_log" VALUES(8,'1','USA',1,'Added.',NULL,1,'2017-01-09 19:12:46.247879');
INSERT INTO "django_admin_log" VALUES(9,'2','United Kingdom',1,'Added.',NULL,1,'2017-01-09 19:12:52.739974');
INSERT INTO "django_admin_log" VALUES(10,'3','Russia',1,'Added.',NULL,1,'2017-01-09 19:12:56.507400');
INSERT INTO "django_admin_log" VALUES(11,'4','China',1,'Added.',NULL,1,'2017-01-09 19:12:58.856127');
INSERT INTO "django_admin_log" VALUES(12,'1','RT',1,'Added.',12,1,'2017-01-09 19:14:58.537742');
INSERT INTO "django_admin_log" VALUES(13,'2','CNN',1,'Added.',12,1,'2017-01-09 19:15:26.825684');
INSERT INTO "django_admin_log" VALUES(14,'3','Brietbart Network',1,'Added.',12,1,'2017-01-09 19:16:05.026969');
INSERT INTO "django_admin_log" VALUES(15,'4','BBC News',1,'Added.',12,1,'2017-01-09 19:17:12.824119');
INSERT INTO "django_admin_log" VALUES(16,'3','Brietbart Network',2,'Changed bias and country.',12,1,'2017-01-09 22:16:04.217586');
INSERT INTO "django_admin_log" VALUES(17,'4','BBC News',2,'Changed bias and country.',12,1,'2017-01-09 22:16:20.677163');
INSERT INTO "django_admin_log" VALUES(18,'2','CNN',2,'Changed bias and country.',12,1,'2017-01-09 22:16:35.518771');
INSERT INTO "django_admin_log" VALUES(19,'1','RT',2,'Changed bias and country.',12,1,'2017-01-09 22:16:52.309525');
INSERT INTO "django_admin_log" VALUES(20,'1','Conservative',1,'Added.',NULL,1,'2017-01-09 22:27:15.745902');
INSERT INTO "django_admin_log" VALUES(21,'2','Corporate',1,'Added.',NULL,1,'2017-01-09 22:27:19.054298');
INSERT INTO "django_admin_log" VALUES(22,'3','Liberal',1,'Added.',NULL,1,'2017-01-09 22:27:25.145634');
INSERT INTO "django_admin_log" VALUES(23,'1','USA',1,'Added.',NULL,1,'2017-01-09 22:27:36.345084');
INSERT INTO "django_admin_log" VALUES(24,'2','United Kingdom',1,'Added.',NULL,1,'2017-01-09 22:27:42.470166');
INSERT INTO "django_admin_log" VALUES(25,'3','China',1,'Added.',NULL,1,'2017-01-09 22:27:46.786150');
INSERT INTO "django_admin_log" VALUES(26,'4','',1,'Added.',NULL,1,'2017-01-09 22:27:49.087323');
INSERT INTO "django_admin_log" VALUES(27,'5','Russia',1,'Added.',NULL,1,'2017-01-09 22:27:57.610580');
INSERT INTO "django_admin_log" VALUES(28,'4','',3,'',NULL,1,'2017-01-09 22:28:09.219102');
INSERT INTO "django_admin_log" VALUES(29,'4','BBC News',2,'Changed bias and country.',12,1,'2017-01-09 22:28:42.301566');
INSERT INTO "django_admin_log" VALUES(30,'3','Brietbart Network',2,'Changed bias and country.',12,1,'2017-01-09 22:28:48.850665');
INSERT INTO "django_admin_log" VALUES(31,'2','CNN',2,'Changed bias and country.',12,1,'2017-01-09 22:28:57.007068');
INSERT INTO "django_admin_log" VALUES(32,'1','RT',2,'Changed bias and country.',12,1,'2017-01-09 22:29:08.218097');
INSERT INTO "django_admin_log" VALUES(33,'4','BBC News',2,'Changed bias and country.',12,1,'2017-01-12 17:45:03.277408');
INSERT INTO "django_admin_log" VALUES(34,'3','Brietbart Network',2,'Changed bias and country.',12,1,'2017-01-12 17:45:18.277378');
INSERT INTO "django_admin_log" VALUES(35,'2','CNN',2,'Changed bias and country.',12,1,'2017-01-12 17:45:46.075275');
INSERT INTO "django_admin_log" VALUES(36,'1','RT',2,'Changed bias and country.',12,1,'2017-01-12 17:46:03.234701');
INSERT INTO "django_admin_log" VALUES(37,'4','BBC News',2,'No fields changed.',12,1,'2017-01-12 18:13:08.214127');
INSERT INTO "django_admin_log" VALUES(38,'2','CNN',2,'Changed duplicate_bias and duplicate_country.',12,1,'2017-01-12 18:13:24.689670');
INSERT INTO "django_admin_log" VALUES(39,'4','BBC News',2,'Changed duplicate_bias and duplicate_country.',12,1,'2017-01-12 18:13:34.372464');
INSERT INTO "django_admin_log" VALUES(40,'4','BBC News',2,'No fields changed.',12,1,'2017-01-12 18:21:17.576869');
INSERT INTO "django_admin_log" VALUES(41,'1','RT',2,'Changed duplicate_bias and duplicate_country.',12,1,'2017-01-12 18:21:26.167423');
INSERT INTO "django_admin_log" VALUES(42,'2','CNN',2,'No fields changed.',12,1,'2017-01-12 18:21:33.386088');
INSERT INTO "django_admin_log" VALUES(43,'3','Brietbart Network',2,'Changed duplicate_bias.',12,1,'2017-01-12 18:21:40.551118');
INSERT INTO "django_admin_log" VALUES(44,'1','STEELERS WIN THE SUPER BOWL',1,'Added.',11,1,'2017-01-13 23:21:02.491370');
INSERT INTO "django_admin_log" VALUES(45,'2','STEELERS WIN THE SUPER BOWL AGAIN',1,'Added.',11,1,'2017-01-13 23:27:20.711724');
INSERT INTO "django_admin_log" VALUES(46,'3','STEELERS WIN THE SUPER BOWL FOR A THIRD TIME',1,'Added.',11,1,'2017-01-13 23:31:09.413983');
DROP TABLE IF EXISTS "django_content_type";
CREATE TABLE "django_content_type" ("id" integer NOT NULL PRIMARY KEY AUTOINCREMENT, "app_label" varchar(100) NOT NULL, "model" varchar(100) NOT NULL);
INSERT INTO "django_content_type" VALUES(1,'admin','logentry');
INSERT INTO "django_content_type" VALUES(2,'auth','permission');
INSERT INTO "django_content_type" VALUES(3,'auth','group');
INSERT INTO "django_content_type" VALUES(4,'auth','user');
INSERT INTO "django_content_type" VALUES(5,'contenttypes','contenttype');
INSERT INTO "django_content_type" VALUES(6,'sessions','session');
INSERT INTO "django_content_type" VALUES(7,'nodanews','index');
INSERT INTO "django_content_type" VALUES(11,'nodanews','node');
INSERT INTO "django_content_type" VALUES(12,'nodanews','media_org');
DROP TABLE IF EXISTS "django_migrations";
CREATE TABLE "django_migrations" ("id" integer NOT NULL PRIMARY KEY AUTOINCREMENT, "app" varchar(255) NOT NULL, "name" varchar(255) NOT NULL, "applied" datetime NOT NULL);
INSERT INTO "django_migrations" VALUES(1,'nodanews','0001_initial','2017-01-09 18:58:21.698226');
INSERT INTO "django_migrations" VALUES(2,'contenttypes','0001_initial','2017-01-09 18:59:07.264463');
INSERT INTO "django_migrations" VALUES(3,'auth','0001_initial','2017-01-09 18:59:07.461991');
INSERT INTO "django_migrations" VALUES(4,'admin','0001_initial','2017-01-09 18:59:07.653152');
INSERT INTO "django_migrations" VALUES(5,'admin','0002_logentry_remove_auto_add','2017-01-09 18:59:07.846838');
INSERT INTO "django_migrations" VALUES(6,'contenttypes','0002_remove_content_type_name','2017-01-09 18:59:08.039136');
INSERT INTO "django_migrations" VALUES(7,'auth','0002_alter_permission_name_max_length','2017-01-09 18:59:08.230373');
INSERT INTO "django_migrations" VALUES(8,'auth','0003_alter_user_email_max_length','2017-01-09 18:59:08.447399');
INSERT INTO "django_migrations" VALUES(9,'auth','0004_alter_user_username_opts','2017-01-09 18:59:08.644929');
INSERT INTO "django_migrations" VALUES(10,'auth','0005_alter_user_last_login_null','2017-01-09 18:59:08.812411');
INSERT INTO "django_migrations" VALUES(11,'auth','0006_require_contenttypes_0002','2017-01-09 18:59:08.904884');
INSERT INTO "django_migrations" VALUES(12,'auth','0007_alter_validators_add_error_messages','2017-01-09 18:59:09.086844');
INSERT INTO "django_migrations" VALUES(13,'sessions','0001_initial','2017-01-09 18:59:09.287846');
INSERT INTO "django_migrations" VALUES(15,'nodanews','0002_auto_20170109_1414','2017-01-12 17:42:58.494727');
INSERT INTO "django_migrations" VALUES(16,'nodanews','0003_auto_20170112_0941','2017-01-12 17:42:58.727527');
INSERT INTO "django_migrations" VALUES(17,'nodanews','0004_auto_20170112_1004','2017-01-12 18:04:45.157331');
DROP TABLE IF EXISTS "django_session";
CREATE TABLE "django_session" ("session_key" varchar(40) NOT NULL PRIMARY KEY, "session_data" text NOT NULL, "expire_date" datetime NOT NULL);
INSERT INTO "django_session" VALUES('8vxs1fghir2nzhrflmu5eto1fju82p6m','MDFhNTg5Y2Q2MjY2NGI4ZGY4YTBhZGY3YTMzOGQzZGY4Y2Q0NTcwYzp7Il9hdXRoX3VzZXJfYmFja2VuZCI6ImRqYW5nby5jb250cmliLmF1dGguYmFja2VuZHMuTW9kZWxCYWNrZW5kIiwiX2F1dGhfdXNlcl9pZCI6IjEiLCJfYXV0aF91c2VyX2hhc2giOiJjYTJjNzZkMTAyN2ZkYWUyNGZiYjQzNzNlZDc4MDMxMDY3MGM2YTYyIn0=','2017-01-23 19:00:47.376909');
DROP TABLE IF EXISTS "nodanews_index";
CREATE TABLE "nodanews_index" ("id" integer NOT NULL PRIMARY KEY AUTOINCREMENT, "headline" varchar(200) NOT NULL, "Link_1" varchar(500) NOT NULL, "Link_1_title" varchar(200) NOT NULL, "Link_2" varchar(500) NOT NULL, "Link_2_title" varchar(200) NOT NULL, "Link_3" varchar(500) NOT NULL, "Link_3_title" varchar(200) NOT NULL, "headline_2" varchar(200) NOT NULL, "Link_21" varchar(500) NOT NULL, "Link_21_title" varchar(200) NOT NULL, "Link_22" varchar(500) NOT NULL, "Link_22_title" varchar(200) NOT NULL, "Link_23" varchar(500) NOT NULL, "Link_23_title" varchar(200) NOT NULL, "headline_3" varchar(200) NOT NULL, "Link_31" varchar(500) NOT NULL, "Link_31_title" varchar(200) NOT NULL, "Link_32" varchar(500) NOT NULL, "Link_32_title" varchar(200) NOT NULL, "Link_33" varchar(500) NOT NULL, "Link_33_title" varchar(200) NOT NULL, "headline_4" varchar(200) NOT NULL, "Link_41" varchar(500) NOT NULL, "Link_41_title" varchar(200) NOT NULL, "Link_42" varchar(500) NOT NULL, "Link_42_title" varchar(200) NOT NULL, "Link_43" varchar(500) NOT NULL, "Link_43_title" varchar(200) NOT NULL, "index_image" varchar(100) NOT NULL);
INSERT INTO "nodanews_index" VALUES(1,'STEELERS WIN THE SUPER BOWL','STEELERS WIN THE SUPER BOWL','STEELERS WIN THE SUPER BOWL','STEELERS WIN THE SUPER BOWL','STEELERS WIN THE SUPER BOWL','STEELERS WIN THE SUPER BOWL','STEELERS WIN THE SUPER BOWL','STEELERS WIN THE SUPER BOWL','STEELERS WIN THE SUPER BOWL','STEELERS WIN THE SUPER BOWL','STEELERS WIN THE SUPER BOWL','STEELERS WIN THE SUPER BOWL','STEELERS WIN THE SUPER BOWL','STEELERS WIN THE SUPER BOWL','STEELERS WIN THE SUPER BOWL','STEELERS WIN THE SUPER BOWL','STEELERS WIN THE SUPER BOWL','STEELERS WIN THE SUPER BOWL','STEELERS WIN THE SUPER BOWL','STEELERS WIN THE SUPER BOWL','STEELERS WIN THE SUPER BOWL','STEELERS WIN THE SUPER BOWL','STEELERS WIN THE SUPER BOWL','STEELERS WIN THE SUPER BOWL','STEELERS WIN THE SUPER BOWL','STEELERS WIN THE SUPER BOWL','STEELERS WIN THE SUPER BOWL','STEELERS WIN THE SUPER BOWL','nodanews/static/images/index/FOX_News_Channel_logo.svg.png');
DROP TABLE IF EXISTS "nodanews_media_org";
CREATE TABLE "nodanews_media_org" ("id" integer NOT NULL PRIMARY KEY AUTOINCREMENT, "name" varchar(100) NOT NULL, "date_posted" datetime NOT NULL, "home_page" varchar(200) NOT NULL, "date_founded" date NOT NULL, "logo" varchar(100) NOT NULL, "description" text NOT NULL, "fake_or_not" bool NOT NULL, "bias" varchar(100) NOT NULL, "country" varchar(100) NOT NULL, "duplicate_bias" bool NOT NULL, "duplicate_country" bool NOT NULL);
INSERT INTO "nodanews_media_org" VALUES(1,'RT','2017-01-09 19:13:48','www.rt.com','1965-08-08','nodanews/static/images/logos/image002.png','Lorem ipsum dolor sit amet, consectetur adipiscing elit. Pellentesque dolor tellus, tincidunt ac placerat nec, rhoncus nec nibh. Maecenas finibus tincidunt odio, eget tincidunt purus. Morbi id sapien dapibus, volutpat magna a, tristique nibh. Quisque imperdiet odio sit amet arcu sagittis faucibus. Pellentesque egestas quis magna dapibus viverra. Donec tristique ante et purus sollicitudin sodales. Etiam turpis nibh, tempus quis aliquam et, commodo eu nulla. Curabitur venenatis iaculis est ut vulputate.

Vestibulum dapibus augue gravida erat fringilla pulvinar. Maecenas faucibus, leo eu convallis luctus, nulla leo cursus libero, vel volutpat ipsum sem sed enim. Donec accumsan ipsum erat, at malesuada lorem dapibus nec. Suspendisse potenti. Sed dignissim, ante eu eleifend scelerisque, eros ante laoreet lorem, in vulputate nibh orci tempor turpis. Quisque mattis magna velit. In maximus ipsum augue, at dictum orci mollis sed. Nam venenatis, mi eget auctor aliquam, odio nunc interdum leo, ac imperdiet nunc neque non risus. Aliquam vestibulum lorem eu facilisis facilisis. Suspendisse ornare eget est et aliquam. Donec ac urna eu quam elementum consequat vel a metus. In bibendum lacus quis ultricies bibendum. Nullam blandit id velit ut convallis. Proin ut erat sit amet lectus vestibulum faucibus.

Aliquam in felis sit amet tortor tristique vestibulum. Curabitur sit amet fringilla arcu. Vivamus orci nisl, vehicula id aliquet vel, tincidunt congue massa. Suspendisse nisl arcu, posuere sed mi in, rhoncus tincidunt nulla. Quisque at nisi vehicula, elementum turpis sit amet, hendrerit dui. Pellentesque a dictum odio. Etiam rutrum, nulla in luctus cursus, tortor orci ornare tellus, in pharetra tellus urna et lectus. Mauris molestie, arcu vel interdum vestibulum, dui neque aliquam mauris, ut accumsan lacus magna ac neque. Nulla auctor ullamcorper urna aliquet accumsan. Nulla ut maximus sem. Sed nec sagittis nisl.

Sed rutrum malesuada arcu id sodales. Phasellus nec metus nibh. Mauris viverra nulla sit amet nibh tempus hendrerit. Integer hendrerit, erat quis efficitur consectetur, odio arcu rutrum velit, vel placerat justo nisi quis nulla. Sed purus justo, efficitur vitae malesuada vel, mattis vitae sem. Vivamus sed sapien blandit, convallis mi et, convallis dolor. Integer aliquam tincidunt augue vitae dapibus.

Maecenas non urna viverra turpis varius mollis tempus ac massa. Interdum et malesuada fames ac ante ipsum primis in faucibus. Nam finibus eros nec justo vestibulum vestibulum. Morbi et interdum arcu. Phasellus nec lectus sed augue venenatis facilisis. Proin nunc velit, scelerisque quis eleifend et, dapibus at tellus. Proin posuere placerat ante, finibus molestie ante scelerisque id. Fusce purus ipsum, porta eu laoreet et, feugiat eu turpis. Fusce finibus eleifend nisl. Etiam vulputate, ante vel sagittis varius, odio tortor bibendum risus, ac porta eros risus ornare arcu. Etiam non ultrices tortor. Aliquam suscipit, dui eu euismod vulputate, dolor arcu ultricies turpis, a volutpat enim purus a leo. Praesent sit amet metus ullamcorper, ultrices diam sed, varius magna.',0,'Nationalistic','Russia',0,0);
INSERT INTO "nodanews_media_org" VALUES(2,'CNN','2017-01-09 19:15:05','www.cnn.com','1965-08-08','nodanews/static/images/logos/Cnn.svg_LX8tmEe.png','Lorem ipsum dolor sit amet, consectetur adipiscing elit. Pellentesque dolor tellus, tincidunt ac placerat nec, rhoncus nec nibh. Maecenas finibus tincidunt odio, eget tincidunt purus. Morbi id sapien dapibus, volutpat magna a, tristique nibh. Quisque imperdiet odio sit amet arcu sagittis faucibus. Pellentesque egestas quis magna dapibus viverra. Donec tristique ante et purus sollicitudin sodales. Etiam turpis nibh, tempus quis aliquam et, commodo eu nulla. Curabitur venenatis iaculis est ut vulputate.

Vestibulum dapibus augue gravida erat fringilla pulvinar. Maecenas faucibus, leo eu convallis luctus, nulla leo cursus libero, vel volutpat ipsum sem sed enim. Donec accumsan ipsum erat, at malesuada lorem dapibus nec. Suspendisse potenti. Sed dignissim, ante eu eleifend scelerisque, eros ante laoreet lorem, in vulputate nibh orci tempor turpis. Quisque mattis magna velit. In maximus ipsum augue, at dictum orci mollis sed. Nam venenatis, mi eget auctor aliquam, odio nunc interdum leo, ac imperdiet nunc neque non risus. Aliquam vestibulum lorem eu facilisis facilisis. Suspendisse ornare eget est et aliquam. Donec ac urna eu quam elementum consequat vel a metus. In bibendum lacus quis ultricies bibendum. Nullam blandit id velit ut convallis. Proin ut erat sit amet lectus vestibulum faucibus.

Aliquam in felis sit amet tortor tristique vestibulum. Curabitur sit amet fringilla arcu. Vivamus orci nisl, vehicula id aliquet vel, tincidunt congue massa. Suspendisse nisl arcu, posuere sed mi in, rhoncus tincidunt nulla. Quisque at nisi vehicula, elementum turpis sit amet, hendrerit dui. Pellentesque a dictum odio. Etiam rutrum, nulla in luctus cursus, tortor orci ornare tellus, in pharetra tellus urna et lectus. Mauris molestie, arcu vel interdum vestibulum, dui neque aliquam mauris, ut accumsan lacus magna ac neque. Nulla auctor ullamcorper urna aliquet accumsan. Nulla ut maximus sem. Sed nec sagittis nisl.

Sed rutrum malesuada arcu id sodales. Phasellus nec metus nibh. Mauris viverra nulla sit amet nibh tempus hendrerit. Integer hendrerit, erat quis efficitur consectetur, odio arcu rutrum velit, vel placerat justo nisi quis nulla. Sed purus justo, efficitur vitae malesuada vel, mattis vitae sem. Vivamus sed sapien blandit, convallis mi et, convallis dolor. Integer aliquam tincidunt augue vitae dapibus.

Maecenas non urna viverra turpis varius mollis tempus ac massa. Interdum et malesuada fames ac ante ipsum primis in faucibus. Nam finibus eros nec justo vestibulum vestibulum. Morbi et interdum arcu. Phasellus nec lectus sed augue venenatis facilisis. Proin nunc velit, scelerisque quis eleifend et, dapibus at tellus. Proin posuere placerat ante, finibus molestie ante scelerisque id. Fusce purus ipsum, porta eu laoreet et, feugiat eu turpis. Fusce finibus eleifend nisl. Etiam vulputate, ante vel sagittis varius, odio tortor bibendum risus, ac porta eros risus ornare arcu. Etiam non ultrices tortor. Aliquam suscipit, dui eu euismod vulputate, dolor arcu ultricies turpis, a volutpat enim purus a leo. Praesent sit amet metus ullamcorper, ultrices diam sed, varius magna.',0,'Center','United States of America',0,0);
INSERT INTO "nodanews_media_org" VALUES(3,'Brietbart Network','2017-01-09 19:15:33','www.breitbart.com','1965-08-07','nodanews/static/images/logos/image002_VOvKexo.png','Lorem ipsum dolor sit amet, consectetur adipiscing elit. Pellentesque dolor tellus, tincidunt ac placerat nec, rhoncus nec nibh. Maecenas finibus tincidunt odio, eget tincidunt purus. Morbi id sapien dapibus, volutpat magna a, tristique nibh. Quisque imperdiet odio sit amet arcu sagittis faucibus. Pellentesque egestas quis magna dapibus viverra. Donec tristique ante et purus sollicitudin sodales. Etiam turpis nibh, tempus quis aliquam et, commodo eu nulla. Curabitur venenatis iaculis est ut vulputate.

Vestibulum dapibus augue gravida erat fringilla pulvinar. Maecenas faucibus, leo eu convallis luctus, nulla leo cursus libero, vel volutpat ipsum sem sed enim. Donec accumsan ipsum erat, at malesuada lorem dapibus nec. Suspendisse potenti. Sed dignissim, ante eu eleifend scelerisque, eros ante laoreet lorem, in vulputate nibh orci tempor turpis. Quisque mattis magna velit. In maximus ipsum augue, at dictum orci mollis sed. Nam venenatis, mi eget auctor aliquam, odio nunc interdum leo, ac imperdiet nunc neque non risus. Aliquam vestibulum lorem eu facilisis facilisis. Suspendisse ornare eget est et aliquam. Donec ac urna eu quam elementum consequat vel a metus. In bibendum lacus quis ultricies bibendum. Nullam blandit id velit ut convallis. Proin ut erat sit amet lectus vestibulum faucibus.

Aliquam in felis sit amet tortor tristique vestibulum. Curabitur sit amet fringilla arcu. Vivamus orci nisl, vehicula id aliquet vel, tincidunt congue massa. Suspendisse nisl arcu, posuere sed mi in, rhoncus tincidunt nulla. Quisque at nisi vehicula, elementum turpis sit amet, hendrerit dui. Pellentesque a dictum odio. Etiam rutrum, nulla in luctus cursus, tortor orci ornare tellus, in pharetra tellus urna et lectus. Mauris molestie, arcu vel interdum vestibulum, dui neque aliquam mauris, ut accumsan lacus magna ac neque. Nulla auctor ullamcorper urna aliquet accumsan. Nulla ut maximus sem. Sed nec sagittis nisl.

Sed rutrum malesuada arcu id sodales. Phasellus nec metus nibh. Mauris viverra nulla sit amet nibh tempus hendrerit. Integer hendrerit, erat quis efficitur consectetur, odio arcu rutrum velit, vel placerat justo nisi quis nulla. Sed purus justo, efficitur vitae malesuada vel, mattis vitae sem. Vivamus sed sapien blandit, convallis mi et, convallis dolor. Integer aliquam tincidunt augue vitae dapibus.

Maecenas non urna viverra turpis varius mollis tempus ac massa. Interdum et malesuada fames ac ante ipsum primis in faucibus. Nam finibus eros nec justo vestibulum vestibulum. Morbi et interdum arcu. Phasellus nec lectus sed augue venenatis facilisis. Proin nunc velit, scelerisque quis eleifend et, dapibus at tellus. Proin posuere placerat ante, finibus molestie ante scelerisque id. Fusce purus ipsum, porta eu laoreet et, feugiat eu turpis. Fusce finibus eleifend nisl. Etiam vulputate, ante vel sagittis varius, odio tortor bibendum risus, ac porta eros risus ornare arcu. Etiam non ultrices tortor. Aliquam suscipit, dui eu euismod vulputate, dolor arcu ultricies turpis, a volutpat enim purus a leo. Praesent sit amet metus ullamcorper, ultrices diam sed, varius magna.',1,'Conservative','United States of America',0,1);
INSERT INTO "nodanews_media_org" VALUES(4,'BBC News','2017-01-09 19:16:15','www.bbc.co.uk','1965-08-08','nodanews/static/images/logos/BBC_News.svg_jzQMhXH.png','Lorem ipsum dolor sit amet, consectetur adipiscing elit. Pellentesque dolor tellus, tincidunt ac placerat nec, rhoncus nec nibh. Maecenas finibus tincidunt odio, eget tincidunt purus. Morbi id sapien dapibus, volutpat magna a, tristique nibh. Quisque imperdiet odio sit amet arcu sagittis faucibus. Pellentesque egestas quis magna dapibus viverra. Donec tristique ante et purus sollicitudin sodales. Etiam turpis nibh, tempus quis aliquam et, commodo eu nulla. Curabitur venenatis iaculis est ut vulputate.

Vestibulum dapibus augue gravida erat fringilla pulvinar. Maecenas faucibus, leo eu convallis luctus, nulla leo cursus libero, vel volutpat ipsum sem sed enim. Donec accumsan ipsum erat, at malesuada lorem dapibus nec. Suspendisse potenti. Sed dignissim, ante eu eleifend scelerisque, eros ante laoreet lorem, in vulputate nibh orci tempor turpis. Quisque mattis magna velit. In maximus ipsum augue, at dictum orci mollis sed. Nam venenatis, mi eget auctor aliquam, odio nunc interdum leo, ac imperdiet nunc neque non risus. Aliquam vestibulum lorem eu facilisis facilisis. Suspendisse ornare eget est et aliquam. Donec ac urna eu quam elementum consequat vel a metus. In bibendum lacus quis ultricies bibendum. Nullam blandit id velit ut convallis. Proin ut erat sit amet lectus vestibulum faucibus.

Aliquam in felis sit amet tortor tristique vestibulum. Curabitur sit amet fringilla arcu. Vivamus orci nisl, vehicula id aliquet vel, tincidunt congue massa. Suspendisse nisl arcu, posuere sed mi in, rhoncus tincidunt nulla. Quisque at nisi vehicula, elementum turpis sit amet, hendrerit dui. Pellentesque a dictum odio. Etiam rutrum, nulla in luctus cursus, tortor orci ornare tellus, in pharetra tellus urna et lectus. Mauris molestie, arcu vel interdum vestibulum, dui neque aliquam mauris, ut accumsan lacus magna ac neque. Nulla auctor ullamcorper urna aliquet accumsan. Nulla ut maximus sem. Sed nec sagittis nisl.

Sed rutrum malesuada arcu id sodales. Phasellus nec metus nibh. Mauris viverra nulla sit amet nibh tempus hendrerit. Integer hendrerit, erat quis efficitur consectetur, odio arcu rutrum velit, vel placerat justo nisi quis nulla. Sed purus justo, efficitur vitae malesuada vel, mattis vitae sem. Vivamus sed sapien blandit, convallis mi et, convallis dolor. Integer aliquam tincidunt augue vitae dapibus.

Maecenas non urna viverra turpis varius mollis tempus ac massa. Interdum et malesuada fames ac ante ipsum primis in faucibus. Nam finibus eros nec justo vestibulum vestibulum. Morbi et interdum arcu. Phasellus nec lectus sed augue venenatis facilisis. Proin nunc velit, scelerisque quis eleifend et, dapibus at tellus. Proin posuere placerat ante, finibus molestie ante scelerisque id. Fusce purus ipsum, porta eu laoreet et, feugiat eu turpis. Fusce finibus eleifend nisl. Etiam vulputate, ante vel sagittis varius, odio tortor bibendum risus, ac porta eros risus ornare arcu. Etiam non ultrices tortor. Aliquam suscipit, dui eu euismod vulputate, dolor arcu ultricies turpis, a volutpat enim purus a leo. Praesent sit amet metus ullamcorper, ultrices diam sed, varius magna.',0,'Liberal','United Kingdom',0,0);
DROP TABLE IF EXISTS "nodanews_node";
CREATE TABLE "nodanews_node" ("id" integer NOT NULL PRIMARY KEY AUTOINCREMENT, "headline" varchar(200) NOT NULL, "subject" varchar(100) NOT NULL, "date_posted" datetime NOT NULL, "my_take" text NOT NULL, "node_image" varchar(100) NOT NULL, "Link_1" varchar(500) NOT NULL, "Link_1_title" varchar(200) NOT NULL, "Link_2" varchar(500) NOT NULL, "Link_2_title" varchar(200) NOT NULL, "Link_3" varchar(500) NOT NULL, "Link_3_title" varchar(200) NOT NULL, "Link_4" varchar(500) NOT NULL, "Link_4_title" varchar(200) NOT NULL, "Link_5" varchar(500) NOT NULL, "Link_5_title" varchar(200) NOT NULL, "Link_6" varchar(500) NOT NULL, "Link_6_title" varchar(200) NOT NULL, "Link_7" varchar(500) NOT NULL, "Link_7_title" varchar(200) NOT NULL, "Link_8" varchar(500) NOT NULL, "Link_8_title" varchar(200) NOT NULL, "Link_9" varchar(500) NOT NULL, "Link_9_title" varchar(200) NOT NULL, "Link_10" varchar(500) NOT NULL, "Link_10_title" varchar(200) NOT NULL, "wiki_link_1" varchar(500) NOT NULL, "wiki_link_1_title" varchar(200) NOT NULL, "wiki_link_2" varchar(500) NOT NULL, "wiki_link_2_title" varchar(200) NOT NULL, "wiki_link_3" varchar(500) NOT NULL, "wiki_link_3_title" varchar(200) NOT NULL, "wiki_link_4" varchar(500) NOT NULL, "wiki_link_4_title" varchar(200) NOT NULL, "wiki_link_5" varchar(500) NOT NULL, "wiki_link_5_title" varchar(200) NOT NULL, "academic_link_1" varchar(500) NOT NULL, "academic_link_title_1" varchar(200) NOT NULL, "academic_link_2" varchar(500) NOT NULL, "academic_link_title_2" varchar(200) NOT NULL, "academic_link_3" varchar(500) NOT NULL, "academic_link_title_3" varchar(200) NOT NULL, "academic_link_4" varchar(500) NOT NULL, "academic_link_title_4" varchar(200) NOT NULL, "academic_link_5" varchar(500) NOT NULL, "academic_link_title_5" varchar(200) NOT NULL, "node_link_1" varchar(500) NOT NULL, "node_link_title_1" varchar(200) NOT NULL, "node_link_2" varchar(500) NOT NULL, "node_link_title_2" varchar(200) NOT NULL, "node_link_3" varchar(500) NOT NULL, "node_link_title_3" varchar(200) NOT NULL, "node_link_4" varchar(500) NOT NULL, "node_link_title_4" varchar(200) NOT NULL, "node_link_5" varchar(500) NOT NULL, "node_link_title_5" varchar(200) NOT NULL, "video_1" varchar(500) NOT NULL, "video_1_title" varchar(200) NOT NULL, "video_2" varchar(500) NOT NULL, "video_2_title" varchar(200) NOT NULL, "video_3" varchar(500) NOT NULL, "video_3_title" varchar(200) NOT NULL, "video_embed" varchar(500) NOT NULL, "country" varchar(100) NOT NULL);
INSERT INTO "nodanews_node" VALUES(1,'STEELERS WIN THE SUPER BOWL','Football','2017-01-13 23:15:55','Lorem ipsum dolor sit amet, consectetur adipiscing elit. Vestibulum sed ornare nisi, non imperdiet nisl. Aenean nec dui non eros iaculis finibus. Suspendisse hendrerit metus sagittis lorem pharetra faucibus. Praesent rhoncus nibh ligula, ut luctus mi dictum sit amet. Vestibulum ante ipsum primis in faucibus orci luctus et ultrices posuere cubilia Curae; Nulla tristique convallis luctus. Nulla ac imperdiet metus. Praesent accumsan efficitur auctor. Curabitur facilisis ipsum orci, id gravida dolor feugiat a.

Nulla facilisi. Pellentesque odio tellus, luctus eget eros sed, consequat euismod turpis. Curabitur in feugiat sem. Integer ultricies feugiat volutpat. Duis purus tortor, rutrum vitae urna at, tristique viverra lorem. Fusce dapibus sollicitudin odio. Sed eu ante sed nunc commodo maximus. Cras ut tempor mi. Aenean malesuada mollis arcu, non pulvinar nisi tristique ac. Integer quis nisl porttitor, mattis mauris eu, fermentum elit. Nulla elit ligula, commodo non faucibus in, aliquam sit amet nisl. Nunc vel nisi nulla.

Aenean viverra vel libero quis ultricies. Fusce hendrerit, libero ut sodales vulputate, enim massa sollicitudin arcu, et sollicitudin mi elit non risus. Mauris rhoncus semper augue eget mollis. Nulla bibendum ante auctor lorem varius ullamcorper. Quisque vitae est non nisl suscipit posuere. Nullam vel lobortis mauris, vel mattis nunc. In feugiat tincidunt volutpat. Cras a auctor erat. Sed dapibus, metus et auctor egestas, tellus libero rutrum augue, vel vulputate dolor nisl commodo tellus. Nulla vitae consequat nulla, ut porttitor felis. Suspendisse in egestas libero. Integer semper lectus sit amet odio ornare aliquam.

Pellentesque bibendum velit et ante mollis, et bibendum felis molestie. Maecenas eget dapibus erat, eu vestibulum est. Curabitur efficitur ultrices ultrices. Donec sed ipsum tellus. Phasellus feugiat metus tellus, vitae accumsan tortor semper lobortis. Integer quis placerat turpis. Mauris vel sollicitudin tellus. Fusce dapibus felis eu rhoncus pulvinar. Duis sed pretium tortor, id mollis dui. Cras tincidunt massa sagittis bibendum pulvinar. Vestibulum sapien purus, dapibus sit amet sem id, dictum efficitur urna. Aliquam et maximus arcu, sed aliquam purus. Etiam in odio auctor, fringilla elit in, cursus est. Praesent id lectus lacinia, ullamcorper dui non, pharetra risus. Integer dignissim tellus elit, euismod consectetur nisl ultrices a. Praesent tempus dolor vitae ipsum sollicitudin, et viverra nibh tempor.

Proin cursus tempor enim ut placerat. Sed egestas faucibus dolor, quis accumsan lacus ultrices ac. Praesent porta, erat quis facilisis ultrices, odio ipsum porta eros, euismod dignissim lacus leo elementum nulla. Phasellus a cursus augue. In laoreet efficitur augue id gravida. Integer sed metus ac libero dapibus tristique. Ut venenatis pulvinar est, sit amet viverra mauris fringilla accumsan. Suspendisse facilisis ex vitae massa sodales laoreet. Nullam in diam diam. Maecenas justo neque, tincidunt porta laoreet ac, suscipit vitae odio. Praesent ut lorem dui. Cras laoreet magna sit amet nibh faucibus, at interdum ligula maximus.','nodanews/static/images/nodes/us-election_CtRj9Oc.png','STEELERS WIN THE SUPER BOWL','STEELERS WIN THE SUPER BOWL','STEELERS WIN THE SUPER BOWL','STEELERS WIN THE SUPER BOWL','STEELERS WIN THE SUPER BOWL','STEELERS WIN THE SUPER BOWL','STEELERS WIN THE SUPER BOWL','STEELERS WIN THE SUPER BOWL','STEELERS WIN THE SUPER BOWL','STEELERS WIN THE SUPER BOWL','STEELERS WIN THE SUPER BOWL','STEELERS WIN THE SUPER BOWL','STEELERS WIN THE SUPER BOWL','STEELERS WIN THE SUPER BOWL','STEELERS WIN THE SUPER BOWL','STEELERS WIN THE SUPER BOWL','STEELERS WIN THE SUPER BOWL','STEELERS WIN THE SUPER BOWL','STEELERS WIN THE SUPER BOWL','STEELERS WIN THE SUPER BOWL','STEELERS WIN THE SUPER BOWL','STEELERS WIN THE SUPER BOWL','STEELERS WIN THE SUPER BOWL','STEELERS WIN THE SUPER BOWL','STEELERS WIN THE SUPER BOWL','STEELERS WIN THE SUPER BOWL','STEELERS WIN THE SUPER BOWL','STEELERS WIN THE SUPER BOWL','STEELERS WIN THE SUPER BOWL','STEELERS WIN THE SUPER BOWL','STEELERS WIN THE SUPER BOWL','STEELERS WIN THE SUPER BOWL','STEELERS WIN THE SUPER BOWL','STEELERS WIN THE SUPER BOWL','STEELERS WIN THE SUPER BOWL','STEELERS WIN THE SUPER BOWL','STEELERS WIN THE SUPER BOWL','STEELERS WIN THE SUPER BOWL','STEELERS WIN THE SUPER BOWL','STEELERS WIN THE SUPER BOWL','STEELERS WIN THE SUPER BOWL','STEELERS WIN THE SUPER BOWL','STEELERS WIN THE SUPER BOWL','STEELERS WIN THE SUPER BOWL','STEELERS WIN THE SUPER BOWL','STEELERS WIN THE SUPER BOWL','STEELERS WIN THE SUPER BOWL','STEELERS WIN THE SUPER BOWL','STEELERS WIN THE SUPER BOWL','STEELERS WIN THE SUPER BOWL','STEELERS WIN THE SUPER BOWL','STEELERS WIN THE SUPER BOWL','STEELERS WIN THE SUPER BOWL','STEELERS WIN THE SUPER BOWL','STEELERS WIN THE SUPER BOWL','STEELERS WIN THE SUPER BOWL','https://www.youtube.com/embed/h2gt-PN5-Hg','United States of America');
INSERT INTO "nodanews_node" VALUES(2,'STEELERS WIN THE SUPER BOWL AGAIN','History','2017-01-13 23:21:32','Lorem ipsum dolor sit amet, consectetur adipiscing elit. Vestibulum sed ornare nisi, non imperdiet nisl. Aenean nec dui non eros iaculis finibus. Suspendisse hendrerit metus sagittis lorem pharetra faucibus. Praesent rhoncus nibh ligula, ut luctus mi dictum sit amet. Vestibulum ante ipsum primis in faucibus orci luctus et ultrices posuere cubilia Curae; Nulla tristique convallis luctus. Nulla ac imperdiet metus. Praesent accumsan efficitur auctor. Curabitur facilisis ipsum orci, id gravida dolor feugiat a.

Nulla facilisi. Pellentesque odio tellus, luctus eget eros sed, consequat euismod turpis. Curabitur in feugiat sem. Integer ultricies feugiat volutpat. Duis purus tortor, rutrum vitae urna at, tristique viverra lorem. Fusce dapibus sollicitudin odio. Sed eu ante sed nunc commodo maximus. Cras ut tempor mi. Aenean malesuada mollis arcu, non pulvinar nisi tristique ac. Integer quis nisl porttitor, mattis mauris eu, fermentum elit. Nulla elit ligula, commodo non faucibus in, aliquam sit amet nisl. Nunc vel nisi nulla.

Aenean viverra vel libero quis ultricies. Fusce hendrerit, libero ut sodales vulputate, enim massa sollicitudin arcu, et sollicitudin mi elit non risus. Mauris rhoncus semper augue eget mollis. Nulla bibendum ante auctor lorem varius ullamcorper. Quisque vitae est non nisl suscipit posuere. Nullam vel lobortis mauris, vel mattis nunc. In feugiat tincidunt volutpat. Cras a auctor erat. Sed dapibus, metus et auctor egestas, tellus libero rutrum augue, vel vulputate dolor nisl commodo tellus. Nulla vitae consequat nulla, ut porttitor felis. Suspendisse in egestas libero. Integer semper lectus sit amet odio ornare aliquam.

Pellentesque bibendum velit et ante mollis, et bibendum felis molestie. Maecenas eget dapibus erat, eu vestibulum est. Curabitur efficitur ultrices ultrices. Donec sed ipsum tellus. Phasellus feugiat metus tellus, vitae accumsan tortor semper lobortis. Integer quis placerat turpis. Mauris vel sollicitudin tellus. Fusce dapibus felis eu rhoncus pulvinar. Duis sed pretium tortor, id mollis dui. Cras tincidunt massa sagittis bibendum pulvinar. Vestibulum sapien purus, dapibus sit amet sem id, dictum efficitur urna. Aliquam et maximus arcu, sed aliquam purus. Etiam in odio auctor, fringilla elit in, cursus est. Praesent id lectus lacinia, ullamcorper dui non, pharetra risus. Integer dignissim tellus elit, euismod consectetur nisl ultrices a. Praesent tempus dolor vitae ipsum sollicitudin, et viverra nibh tempor.

Proin cursus tempor enim ut placerat. Sed egestas faucibus dolor, quis accumsan lacus ultrices ac. Praesent porta, erat quis facilisis ultrices, odio ipsum porta eros, euismod dignissim lacus leo elementum nulla. Phasellus a cursus augue. In laoreet efficitur augue id gravida. Integer sed metus ac libero dapibus tristique. Ut venenatis pulvinar est, sit amet viverra mauris fringilla accumsan. Suspendisse facilisis ex vitae massa sodales laoreet. Nullam in diam diam. Maecenas justo neque, tincidunt porta laoreet ac, suscipit vitae odio. Praesent ut lorem dui. Cras laoreet magna sit amet nibh faucibus, at interdum ligula maximus.','nodanews/static/images/nodes/Ivory-coast-constituion-01-01_cPcwiRB.png','STEELERS WIN THE SUPER BOWL AGAIN','STEELERS WIN THE SUPER BOWL AGAIN','STEELERS WIN THE SUPER BOWL AGAIN','STEELERS WIN THE SUPER BOWL AGAIN','STEELERS WIN THE SUPER BOWL AGAIN','STEELERS WIN THE SUPER BOWL AGAIN','STEELERS WIN THE SUPER BOWL AGAIN','STEELERS WIN THE SUPER BOWL AGAIN','STEELERS WIN THE SUPER BOWL AGAIN','STEELERS WIN THE SUPER BOWL AGAIN','STEELERS WIN THE SUPER BOWL AGAIN','STEELERS WIN THE SUPER BOWL AGAIN','STEELERS WIN THE SUPER BOWL AGAIN','STEELERS WIN THE SUPER BOWL AGAIN','STEELERS WIN THE SUPER BOWL AGAIN','STEELERS WIN THE SUPER BOWL AGAIN','STEELERS WIN THE SUPER BOWL AGAIN','STEELERS WIN THE SUPER BOWL AGAIN','STEELERS WIN THE SUPER BOWL AGAIN','STEELERS WIN THE SUPER BOWL AGAIN','STEELERS WIN THE SUPER BOWL AGAIN','STEELERS WIN THE SUPER BOWL AGAIN','STEELERS WIN THE SUPER BOWL AGAIN','STEELERS WIN THE SUPER BOWL AGAIN','STEELERS WIN THE SUPER BOWL AGAIN','STEELERS WIN THE SUPER BOWL AGAIN','STEELERS WIN THE SUPER BOWL AGAIN','STEELERS WIN THE SUPER BOWL AGAIN','STEELERS WIN THE SUPER BOWL AGAIN','STEELERS WIN THE SUPER BOWL AGAIN','STEELERS WIN THE SUPER BOWL AGAIN','STEELERS WIN THE SUPER BOWL AGAIN','STEELERS WIN THE SUPER BOWL AGAIN','STEELERS WIN THE SUPER BOWL AGAIN','STEELERS WIN THE SUPER BOWL AGAIN','STEELERS WIN THE SUPER BOWL AGAIN','STEELERS WIN THE SUPER BOWL AGAIN','STEELERS WIN THE SUPER BOWL AGAIN','STEELERS WIN THE SUPER BOWL AGAIN','STEELERS WIN THE SUPER BOWL AGAIN','STEELERS WIN THE SUPER BOWL AGAIN','STEELERS WIN THE SUPER BOWL AGAIN','STEELERS WIN THE SUPER BOWL AGAIN','STEELERS WIN THE SUPER BOWL AGAIN','STEELERS WIN THE SUPER BOWL AGAIN','STEELERS WIN THE SUPER BOWL AGAIN','STEELERS WIN THE SUPER BOWL AGAIN','STEELERS WIN THE SUPER BOWL AGAIN','STEELERS WIN THE SUPER BOWL AGAIN','STEELERS WIN THE SUPER BOWL AGAIN','STEELERS WIN THE SUPER BOWL AGAIN','STEELERS WIN THE SUPER BOWL AGAIN','STEELERS WIN THE SUPER BOWL AGAIN','STEELERS WIN THE SUPER BOWL AGAIN','STEELERS WIN THE SUPER BOWL AGAIN','STEELERS WIN THE SUPER BOWL AGAIN','https://www.youtube.com/embed/iAfwo_K2BNM','United States of America');
INSERT INTO "nodanews_node" VALUES(3,'STEELERS WIN THE SUPER BOWL FOR A THIRD TIME','Awesomeness','2017-01-13 23:27:43','Lorem ipsum dolor sit amet, consectetur adipiscing elit. Vestibulum sed ornare nisi, non imperdiet nisl. Aenean nec dui non eros iaculis finibus. Suspendisse hendrerit metus sagittis lorem pharetra faucibus. Praesent rhoncus nibh ligula, ut luctus mi dictum sit amet. Vestibulum ante ipsum primis in faucibus orci luctus et ultrices posuere cubilia Curae; Nulla tristique convallis luctus. Nulla ac imperdiet metus. Praesent accumsan efficitur auctor. Curabitur facilisis ipsum orci, id gravida dolor feugiat a.

Nulla facilisi. Pellentesque odio tellus, luctus eget eros sed, consequat euismod turpis. Curabitur in feugiat sem. Integer ultricies feugiat volutpat. Duis purus tortor, rutrum vitae urna at, tristique viverra lorem. Fusce dapibus sollicitudin odio. Sed eu ante sed nunc commodo maximus. Cras ut tempor mi. Aenean malesuada mollis arcu, non pulvinar nisi tristique ac. Integer quis nisl porttitor, mattis mauris eu, fermentum elit. Nulla elit ligula, commodo non faucibus in, aliquam sit amet nisl. Nunc vel nisi nulla.

Aenean viverra vel libero quis ultricies. Fusce hendrerit, libero ut sodales vulputate, enim massa sollicitudin arcu, et sollicitudin mi elit non risus. Mauris rhoncus semper augue eget mollis. Nulla bibendum ante auctor lorem varius ullamcorper. Quisque vitae est non nisl suscipit posuere. Nullam vel lobortis mauris, vel mattis nunc. In feugiat tincidunt volutpat. Cras a auctor erat. Sed dapibus, metus et auctor egestas, tellus libero rutrum augue, vel vulputate dolor nisl commodo tellus. Nulla vitae consequat nulla, ut porttitor felis. Suspendisse in egestas libero. Integer semper lectus sit amet odio ornare aliquam.

Pellentesque bibendum velit et ante mollis, et bibendum felis molestie. Maecenas eget dapibus erat, eu vestibulum est. Curabitur efficitur ultrices ultrices. Donec sed ipsum tellus. Phasellus feugiat metus tellus, vitae accumsan tortor semper lobortis. Integer quis placerat turpis. Mauris vel sollicitudin tellus. Fusce dapibus felis eu rhoncus pulvinar. Duis sed pretium tortor, id mollis dui. Cras tincidunt massa sagittis bibendum pulvinar. Vestibulum sapien purus, dapibus sit amet sem id, dictum efficitur urna. Aliquam et maximus arcu, sed aliquam purus. Etiam in odio auctor, fringilla elit in, cursus est. Praesent id lectus lacinia, ullamcorper dui non, pharetra risus. Integer dignissim tellus elit, euismod consectetur nisl ultrices a. Praesent tempus dolor vitae ipsum sollicitudin, et viverra nibh tempor.

Proin cursus tempor enim ut placerat. Sed egestas faucibus dolor, quis accumsan lacus ultrices ac. Praesent porta, erat quis facilisis ultrices, odio ipsum porta eros, euismod dignissim lacus leo elementum nulla. Phasellus a cursus augue. In laoreet efficitur augue id gravida. Integer sed metus ac libero dapibus tristique. Ut venenatis pulvinar est, sit amet viverra mauris fringilla accumsan. Suspendisse facilisis ex vitae massa sodales laoreet. Nullam in diam diam. Maecenas justo neque, tincidunt porta laoreet ac, suscipit vitae odio. Praesent ut lorem dui. Cras laoreet magna sit amet nibh faucibus, at interdum ligula maximus.','nodanews/static/images/nodes/Mini-Node_Syrian_Civil_War.png','STEELERS WIN THE SUPER BOWL FOR A THIRD TIME','STEELERS WIN THE SUPER BOWL FOR A THIRD TIME','STEELERS WIN THE SUPER BOWL FOR A THIRD TIME','STEELERS WIN THE SUPER BOWL FOR A THIRD TIME','STEELERS WIN THE SUPER BOWL FOR A THIRD TIME','STEELERS WIN THE SUPER BOWL FOR A THIRD TIME','STEELERS WIN THE SUPER BOWL FOR A THIRD TIME','STEELERS WIN THE SUPER BOWL FOR A THIRD TIME','STEELERS WIN THE SUPER BOWL FOR A THIRD TIME','STEELERS WIN THE SUPER BOWL FOR A THIRD TIME','STEELERS WIN THE SUPER BOWL FOR A THIRD TIME','STEELERS WIN THE SUPER BOWL FOR A THIRD TIME','STEELERS WIN THE SUPER BOWL FOR A THIRD TIME','STEELERS WIN THE SUPER BOWL FOR A THIRD TIME','STEELERS WIN THE SUPER BOWL FOR A THIRD TIME','STEELERS WIN THE SUPER BOWL FOR A THIRD TIME','STEELERS WIN THE SUPER BOWL FOR A THIRD TIME','STEELERS WIN THE SUPER BOWL FOR A THIRD TIME','STEELERS WIN THE SUPER BOWL FOR A THIRD TIME','STEELERS WIN THE SUPER BOWL FOR A THIRD TIME','STEELERS WIN THE SUPER BOWL FOR A THIRD TIME','STEELERS WIN THE SUPER BOWL FOR A THIRD TIME','STEELERS WIN THE SUPER BOWL FOR A THIRD TIME','STEELERS WIN THE SUPER BOWL FOR A THIRD TIME','STEELERS WIN THE SUPER BOWL FOR A THIRD TIME','STEELERS WIN THE SUPER BOWL FOR A THIRD TIME','STEELERS WIN THE SUPER BOWL FOR A THIRD TIME','STEELERS WIN THE SUPER BOWL FOR A THIRD TIME','STEELERS WIN THE SUPER BOWL FOR A THIRD TIME','STEELERS WIN THE SUPER BOWL FOR A THIRD TIME','STEELERS WIN THE SUPER BOWL FOR A THIRD TIME','STEELERS WIN THE SUPER BOWL FOR A THIRD TIME','STEELERS WIN THE SUPER BOWL FOR A THIRD TIME','STEELERS WIN THE SUPER BOWL FOR A THIRD TIME','STEELERS WIN THE SUPER BOWL FOR A THIRD TIME','STEELERS WIN THE SUPER BOWL FOR A THIRD TIME','STEELERS WIN THE SUPER BOWL FOR A THIRD TIME','STEELERS WIN THE SUPER BOWL FOR A THIRD TIME','STEELERS WIN THE SUPER BOWL FOR A THIRD TIME','STEELERS WIN THE SUPER BOWL FOR A THIRD TIME','STEELERS WIN THE SUPER BOWL FOR A THIRD TIME','STEELERS WIN THE SUPER BOWL FOR A THIRD TIME','STEELERS WIN THE SUPER BOWL FOR A THIRD TIME','STEELERS WIN THE SUPER BOWL FOR A THIRD TIME','STEELERS WIN THE SUPER BOWL FOR A THIRD TIME','STEELERS WIN THE SUPER BOWL FOR A THIRD TIME','STEELERS WIN THE SUPER BOWL FOR A THIRD TIME','STEELERS WIN THE SUPER BOWL FOR A THIRD TIME','STEELERS WIN THE SUPER BOWL FOR A THIRD TIME','STEELERS WIN THE SUPER BOWL FOR A THIRD TIME','STEELERS WIN THE SUPER BOWL FOR A THIRD TIME','STEELERS WIN THE SUPER BOWL FOR A THIRD TIME','STEELERS WIN THE SUPER BOWL FOR A THIRD TIME','STEELERS WIN THE SUPER BOWL FOR A THIRD TIME','STEELERS WIN THE SUPER BOWL FOR A THIRD TIME','STEELERS WIN THE SUPER BOWL FOR A THIRD TIME','https://www.youtube.com/embed/EAW4f2wYEBA','United States of America');
CREATE INDEX "auth_group_permissions_0e939a4f" ON "auth_group_permissions" ("group_id");
CREATE INDEX "auth_group_permissions_8373b171" ON "auth_group_permissions" ("permission_id");
CREATE UNIQUE INDEX "auth_group_permissions_group_id_0cd325b0_uniq" ON "auth_group_permissions" ("group_id", "permission_id");
CREATE INDEX "auth_permission_417f1b1c" ON "auth_permission" ("content_type_id");
CREATE UNIQUE INDEX "auth_permission_content_type_id_01ab375a_uniq" ON "auth_permission" ("content_type_id", "codename");
CREATE INDEX "auth_user_groups_0e939a4f" ON "auth_user_groups" ("group_id");
CREATE INDEX "auth_user_groups_e8701ad4" ON "auth_user_groups" ("user_id");
CREATE UNIQUE INDEX "auth_user_groups_user_id_94350c0c_uniq" ON "auth_user_groups" ("user_id", "group_id");
CREATE INDEX "auth_user_user_permissions_8373b171" ON "auth_user_user_permissions" ("permission_id");
CREATE INDEX "auth_user_user_permissions_e8701ad4" ON "auth_user_user_permissions" ("user_id");
CREATE UNIQUE INDEX "auth_user_user_permissions_user_id_14a6b632_uniq" ON "auth_user_user_permissions" ("user_id", "permission_id");
CREATE INDEX "django_admin_log_417f1b1c" ON "django_admin_log" ("content_type_id");
CREATE INDEX "django_admin_log_e8701ad4" ON "django_admin_log" ("user_id");
CREATE UNIQUE INDEX "django_content_type_app_label_76bd3d3b_uniq" ON "django_content_type" ("app_label", "model");
CREATE INDEX "django_session_de54fa62" ON "django_session" ("expire_date");
